TeamName,Discipline,Country,Event
Belgium,3x3 Basketball,Belgium,Men
China,3x3 Basketball,People's Republic of China,Men
China,3x3 Basketball,People's Republic of China,Women
France,3x3 Basketball,France,Women
Italy,3x3 Basketball,Italy,Women
Japan,3x3 Basketball,Japan,Men
Japan,3x3 Basketball,Japan,Women
Latvia,3x3 Basketball,Latvia,Men
Mongolia,3x3 Basketball,Mongolia,Women
Netherlands,3x3 Basketball,Netherlands,Men
Poland,3x3 Basketball,Poland,Men
ROC,3x3 Basketball,ROC,Men
ROC,3x3 Basketball,ROC,Women
Romania,3x3 Basketball,Romania,Women
Serbia,3x3 Basketball,Serbia,Men
United States,3x3 Basketball,United States of America,Women
Australia,Archery,Australia,Men's Team
Australia,Archery,Australia,Mixed Team
Bangladesh,Archery,Bangladesh,Mixed Team
Belarus,Archery,Belarus,Women's Team
Brazil,Archery,Brazil,Mixed Team
Canada,Archery,Canada,Mixed Team
China,Archery,People's Republic of China,Men's Team
China,Archery,People's Republic of China,Mixed Team
China,Archery,People's Republic of China,Women's Team
Chinese Taipei,Archery,Chinese Taipei,Men's Team
Chinese Taipei,Archery,Chinese Taipei,Mixed Team
Chinese Taipei,Archery,Chinese Taipei,Women's Team
Colombia,Archery,Colombia,Mixed Team
Egypt,Archery,Egypt,Mixed Team
France,Archery,France,Men's Team
France,Archery,France,Mixed Team
Germany,Archery,Germany,Mixed Team
Germany,Archery,Germany,Women's Team
Great Britain,Archery,Great Britain,Men's Team
Great Britain,Archery,Great Britain,Mixed Team
Great Britain,Archery,Great Britain,Women's Team
India,Archery,India,Men's Team
India,Archery,India,Mixed Team
Indonesia,Archery,Indonesia,Men's Team
Indonesia,Archery,Indonesia,Mixed Team
Italy,Archery,Italy,Mixed Team
Italy,Archery,Italy,Women's Team
Japan,Archery,Japan,Men's Team
Japan,Archery,Japan,Mixed Team
Japan,Archery,Japan,Women's Team
Kazakhstan,Archery,Kazakhstan,Men's Team
Malaysia,Archery,Malaysia,Mixed Team
Mexico,Archery,Mexico,Mixed Team
Mexico,Archery,Mexico,Women's Team
Mongolia,Archery,Mongolia,Mixed Team
Netherlands,Archery,Netherlands,Men's Team
Netherlands,Archery,Netherlands,Mixed Team
Poland,Archery,Poland,Mixed Team
Rep. of Moldova,Archery,Republic of Moldova,Mixed Team
Republic of Korea,Archery,Republic of Korea,Men's Team
Republic of Korea,Archery,Republic of Korea,Mixed Team
Republic of Korea,Archery,Republic of Korea,Women's Team
ROC,Archery,ROC,Mixed Team
ROC,Archery,ROC,Women's Team
Spain,Archery,Spain,Mixed Team
Tunisia,Archery,Tunisia,Mixed Team
Turkey,Archery,Turkey,Mixed Team
Ukraine,Archery,Ukraine,Mixed Team
Ukraine,Archery,Ukraine,Women's Team
United States,Archery,United States of America,Men's Team
United States,Archery,United States of America,Mixed Team
United States,Archery,United States of America,Women's Team
Vietnam,Archery,Vietnam,Mixed Team
Belgium,Artistic Gymnastics,Belgium,Women's Team
Brazil,Artistic Gymnastics,Brazil,Men's Team
Canada,Artistic Gymnastics,Canada,Women's Team
China,Artistic Gymnastics,People's Republic of China,Men's Team
China,Artistic Gymnastics,People's Republic of China,Women's Team
Chinese Taipei,Artistic Gymnastics,Chinese Taipei,Men's Team
France,Artistic Gymnastics,France,Women's Team
Germany,Artistic Gymnastics,Germany,Men's Team
Germany,Artistic Gymnastics,Germany,Women's Team
Great Britain,Artistic Gymnastics,Great Britain,Men's Team
Great Britain,Artistic Gymnastics,Great Britain,Women's Team
Italy,Artistic Gymnastics,Italy,Women's Team
Japan,Artistic Gymnastics,Japan,Men's Team
Japan,Artistic Gymnastics,Japan,Women's Team
Netherlands,Artistic Gymnastics,Netherlands,Women's Team
Korea,Artistic Gymnastics,Republic of Korea,Men's Team
ROC,Artistic Gymnastics,ROC,Men's Team
ROC,Artistic Gymnastics,ROC,Women's Team
Spain,Artistic Gymnastics,Spain,Men's Team
Spain,Artistic Gymnastics,Spain,Women's Team
Switzerland,Artistic Gymnastics,Switzerland,Men's Team
Ukraine,Artistic Gymnastics,Ukraine,Men's Team
United States,Artistic Gymnastics,United States of America,Men's Team
United States,Artistic Gymnastics,United States of America,Women's Team
Australia,Artistic Swimming,Australia,Duet
Australia,Artistic Swimming,Australia,Team
Austria,Artistic Swimming,Austria,Duet
Belarus,Artistic Swimming,Belarus,Duet
Canada,Artistic Swimming,Canada,Duet
Canada,Artistic Swimming,Canada,Team
China,Artistic Swimming,People's Republic of China,Duet
China,Artistic Swimming,People's Republic of China,Team
Colombia,Artistic Swimming,Colombia,Duet
Egypt,Artistic Swimming,Egypt,Duet
Egypt,Artistic Swimming,Egypt,Team
France,Artistic Swimming,France,Duet
Great Britain,Artistic Swimming,Great Britain,Duet
Greece,Artistic Swimming,Greece,Duet
Greece,Artistic Swimming,Greece,Team
Israel,Artistic Swimming,Israel,Duet
Italy,Artistic Swimming,Italy,Duet
Italy,Artistic Swimming,Italy,Team
Japan,Artistic Swimming,Japan,Duet
Japan,Artistic Swimming,Japan,Team
Kazakhstan,Artistic Swimming,Kazakhstan,Duet
Liechtenstein,Artistic Swimming,Liechtenstein,Duet
Mexico,Artistic Swimming,Mexico,Duet
Netherlands,Artistic Swimming,Netherlands,Duet
ROC,Artistic Swimming,ROC,Duet
ROC,Artistic Swimming,ROC,Team
South Africa,Artistic Swimming,South Africa,Duet
Spain,Artistic Swimming,Spain,Duet
Spain,Artistic Swimming,Spain,Team
Ukraine,Artistic Swimming,Ukraine,Duet
Ukraine,Artistic Swimming,Ukraine,Team
United States,Artistic Swimming,United States of America,Duet
Australia,Athletics,Australia,Women's 4 x 400m Relay
Bahamas,Athletics,Bahamas,Women's 4 x 400m Relay
Belarus,Athletics,Belarus,Women's 4 x 400m Relay
Belgium,Athletics,Belgium,4 x 400m Relay Mixed
Belgium,Athletics,Belgium,Men's 4 x 400m Relay
Belgium,Athletics,Belgium,Women's 4 x 400m Relay
Botswana,Athletics,Botswana,Men's 4 x 400m Relay
Brazil,Athletics,Brazil,4 x 400m Relay Mixed
Brazil,Athletics,Brazil,Men's 4 x 100m Relay
Brazil,Athletics,Brazil,Women's 4 x 100m Relay
Canada,Athletics,Canada,Men's 4 x 100m Relay
Canada,Athletics,Canada,Women's 4 x 400m Relay
China,Athletics,People's Republic of China,Men's 4 x 100m Relay
China,Athletics,People's Republic of China,Women's 4 x 100m Relay
Colombia,Athletics,Colombia,Men's 4 x 400m Relay
Cuba,Athletics,Cuba,Women's 4 x 400m Relay
Czech Republic,Athletics,Czech Republic,Men's 4 x 400m Relay
Denmark,Athletics,Denmark,Men's 4 x 100m Relay
Denmark,Athletics,Denmark,Women's 4 x 100m Relay
Dominican Rep.,Athletics,Dominican Republic,4 x 400m Relay Mixed
Ecuador,Athletics,Ecuador,Women's 4 x 100m Relay
France,Athletics,France,Men's 4 x 100m Relay
France,Athletics,France,Men's 4 x 400m Relay
France,Athletics,France,Women's 4 x 100m Relay
France,Athletics,France,Women's 4 x 400m Relay
Germany,Athletics,Germany,4 x 400m Relay Mixed
Germany,Athletics,Germany,Men's 4 x 100m Relay
Germany,Athletics,Germany,Men's 4 x 400m Relay
Germany,Athletics,Germany,Women's 4 x 100m Relay
Germany,Athletics,Germany,Women's 4 x 400m Relay
Ghana,Athletics,Ghana,Men's 4 x 100m Relay
Great Britain,Athletics,Great Britain,4 x 400m Relay Mixed
Great Britain,Athletics,Great Britain,Men's 4 x 100m Relay
Great Britain,Athletics,Great Britain,Men's 4 x 400m Relay
Great Britain,Athletics,Great Britain,Women's 4 x 100m Relay
Great Britain,Athletics,Great Britain,Women's 4 x 400m Relay
India,Athletics,India,4 x 400m Relay Mixed
India,Athletics,India,Men's 4 x 400m Relay
Ireland,Athletics,Ireland,4 x 400m Relay Mixed
Italy,Athletics,Italy,4 x 400m Relay Mixed
Italy,Athletics,Italy,Men's 4 x 100m Relay
Italy,Athletics,Italy,Men's 4 x 400m Relay
Italy,Athletics,Italy,Women's 4 x 100m Relay
Italy,Athletics,Italy,Women's 4 x 400m Relay
Jamaica,Athletics,Jamaica,4 x 400m Relay Mixed
Jamaica,Athletics,Jamaica,Men's 4 x 100m Relay
Jamaica,Athletics,Jamaica,Men's 4 x 400m Relay
Jamaica,Athletics,Jamaica,Women's 4 x 100m Relay
Jamaica,Athletics,Jamaica,Women's 4 x 400m Relay
Japan,Athletics,Japan,Men's 4 x 100m Relay
Japan,Athletics,Japan,Men's 4 x 400m Relay
Japan,Athletics,Japan,Women's 4 x 100m Relay
Netherlands,Athletics,Netherlands,4 x 400m Relay Mixed
Netherlands,Athletics,Netherlands,Men's 4 x 100m Relay
Netherlands,Athletics,Netherlands,Men's 4 x 400m Relay
Netherlands,Athletics,Netherlands,Women's 4 x 100m Relay
Netherlands,Athletics,Netherlands,Women's 4 x 400m Relay
Nigeria,Athletics,Nigeria,4 x 400m Relay Mixed
Nigeria,Athletics,Nigeria,Women's 4 x 100m Relay
Poland,Athletics,Poland,4 x 400m Relay Mixed
Poland,Athletics,Poland,Men's 4 x 400m Relay
Poland,Athletics,Poland,Women's 4 x 100m Relay
Poland,Athletics,Poland,Women's 4 x 400m Relay
South Africa,Athletics,South Africa,Men's 4 x 100m Relay
South Africa,Athletics,South Africa,Men's 4 x 400m Relay
Spain,Athletics,Spain,4 x 400m Relay Mixed
Switzerland,Athletics,Switzerland,Women's 4 x 100m Relay
Switzerland,Athletics,Switzerland,Women's 4 x 400m Relay
Trinidad & Tobago,Athletics,Trinidad and Tobago,Men's 4 x 100m Relay
Trinidad & Tobago,Athletics,Trinidad and Tobago,Men's 4 x 400m Relay
Trinidad & Tobago,Athletics,Trinidad and Tobago,Women's 4 x 100m Relay
Turkey,Athletics,Turkey,Men's 4 x 100m Relay
Ukraine,Athletics,Ukraine,4 x 400m Relay Mixed
Ukraine,Athletics,Ukraine,Women's 4 x 400m Relay
United States,Athletics,United States of America,4 x 400m Relay Mixed
United States,Athletics,United States of America,Men's 4 x 100m Relay
United States,Athletics,United States of America,Men's 4 x 400m Relay
United States,Athletics,United States of America,Women's 4 x 100m Relay
United States,Athletics,United States of America,Women's 4 x 400m Relay
Australia,Baseball/Softball,Australia,Softball
Canada,Baseball/Softball,Canada,Softball
Dominican Rep.,Baseball/Softball,Dominican Republic,Baseball
Israel,Baseball/Softball,Israel,Baseball
Italy,Baseball/Softball,Italy,Softball
Japan,Baseball/Softball,Japan,Baseball
Japan,Baseball/Softball,Japan,Softball
Mexico,Baseball/Softball,Mexico,Baseball
Mexico,Baseball/Softball,Mexico,Softball
Republic of Korea,Baseball/Softball,Republic of Korea,Baseball
United States,Baseball/Softball,United States of America,Baseball
United States,Baseball/Softball,United States of America,Softball
Argentina,Basketball,Argentina,Men
Australia,Basketball,Australia,Men
Australia,Basketball,Australia,Women
Belgium,Basketball,Belgium,Women
Canada,Basketball,Canada,Women
China,Basketball,People's Republic of China,Women
Czech Republic,Basketball,Czech Republic,Men
France,Basketball,France,Men
France,Basketball,France,Women
Germany,Basketball,Germany,Men
Islamic Rep. of Iran,Basketball,Islamic Republic of Iran,Men
Italy,Basketball,Italy,Men
Japan,Basketball,Japan,Men
Japan,Basketball,Japan,Women
Nigeria,Basketball,Nigeria,Men
Nigeria,Basketball,Nigeria,Women
Puerto Rico,Basketball,Puerto Rico,Women
Republic of Korea,Basketball,Republic of Korea,Women
Serbia,Basketball,Serbia,Women
Slovenia,Basketball,Slovenia,Men
Spain,Basketball,Spain,Men
Spain,Basketball,Spain,Women
United States,Basketball,United States of America,Men
United States,Basketball,United States of America,Women
Azaad/Capogrosso,Beach Volleyball,Argentina,Men
Gallay/Pereyra,Beach Volleyball,Argentina,Women
McHugh/Schumann,Beach Volleyball,Australia,Men
Artacho Del Solar/Clancy,Beach Volleyball,Australia,Women
Alison/Alvaro Filho,Beach Volleyball,Brazil,Men
Evandro/Bruno Schmidt,Beach Volleyball,Brazil,Men
Ana Patricia/Rebecca,Beach Volleyball,Brazil,Women
Agatha/Duda,Beach Volleyball,Brazil,Women
Bansley/Brandie,Beach Volleyball,Canada,Women
Pavan/Melissa,Beach Volleyball,Canada,Women
Grimalt M./Grimalt E.,Beach Volleyball,Chile,Men
Wang/X.Y.Xia,Beach Volleyball,People's Republic of China,Women
Xue/Wang X.X.,Beach Volleyball,People's Republic of China,Women
Lidy/Leila,Beach Volleyball,Cuba,Women
Perusic/Schweiner,Beach Volleyball,Czech Republic,Men
Hermannova/Slukova,Beach Volleyball,Czech Republic,Women
Thole J./Wickler,Beach Volleyball,Germany,Men
Ludwig/Kozuch,Beach Volleyball,Germany,Women
Sude/Borger,Beach Volleyball,Germany,Women
Nicolai/Lupo,Beach Volleyball,Italy,Men
Carambula/Rossi,Beach Volleyball,Italy,Men
Menegatti/Orsi Toth,Beach Volleyball,Italy,Women
Gottsu/Shiratori,Beach Volleyball,Japan,Men
Ishii/Murakami,Beach Volleyball,Japan,Women
Makokha/Khadambi,Beach Volleyball,Kenya,Women
Plavins/Tocs,Beach Volleyball,Latvia,Men
Graudina/Kravcenoka,Beach Volleyball,Latvia,Women
Gaxiola/Rubio,Beach Volleyball,Mexico,Men
Abicha/Elgraoui,Beach Volleyball,Morocco,Men
Brouwer/Meeuwsen,Beach Volleyball,Netherlands,Men
Keizer/Meppelink,Beach Volleyball,Netherlands,Women
Stam/Schoon,Beach Volleyball,Netherlands,Women
Mol A./Sorum C.,Beach Volleyball,Norway,Men
Bryl/Fijalek,Beach Volleyball,Poland,Men
Kantor/Losiak,Beach Volleyball,Poland,Men
Cherif/Ahmed,Beach Volleyball,Qatar,Men
Krasilnikov/Stoyanovskiy,Beach Volleyball,ROC,Men
Leshukov/Semenov,Beach Volleyball,ROC,Men
Makroguzova/Kholomina,Beach Volleyball,ROC,Women
Herrera/Gavira,Beach Volleyball,Spain,Men
Liliana/Elsa,Beach Volleyball,Spain,Women
Heidrich/Gerson,Beach Volleyball,Switzerland,Men
Huberli/Betschart,Beach Volleyball,Switzerland,Women
"Verge-Depre, A./Heidrich",Beach Volleyball,Switzerland,Women
Gibb/Bourne,Beach Volleyball,United States of America,Men
Lucena/Dalhausser,Beach Volleyball,United States of America,Men
April/Alix,Beach Volleyball,United States of America,Women
Claes/Sponcil,Beach Volleyball,United States of America,Women
Australia,Cycling Track,Australia,Men's Madison
Australia,Cycling Track,Australia,Men's Team Pursuit
Australia,Cycling Track,Australia,Men's Team Sprint
Australia,Cycling Track,Australia,Women's Madison
Australia,Cycling Track,Australia,Women's Team Pursuit
Austria,Cycling Track,Austria,Men's Madison
Belgium,Cycling Track,Belgium,Men's Madison
Belgium,Cycling Track,Belgium,Women's Madison
Canada,Cycling Track,Canada,Men's Madison
Canada,Cycling Track,Canada,Men's Team Pursuit
Canada,Cycling Track,Canada,Women's Madison
Canada,Cycling Track,Canada,Women's Team Pursuit
China,Cycling Track,People's Republic of China,Women's Team Sprint
Denmark,Cycling Track,Denmark,Men's Madison
Denmark,Cycling Track,Denmark,Men's Team Pursuit
Denmark,Cycling Track,Denmark,Women's Madison
France,Cycling Track,France,Men's Madison
France,Cycling Track,France,Men's Team Sprint
France,Cycling Track,France,Women's Madison
France,Cycling Track,France,Women's Team Pursuit
Germany,Cycling Track,Germany,Men's Madison
Germany,Cycling Track,Germany,Men's Team Pursuit
Germany,Cycling Track,Germany,Men's Team Sprint
Germany,Cycling Track,Germany,Women's Madison
Germany,Cycling Track,Germany,Women's Team Pursuit
Germany,Cycling Track,Germany,Women's Team Sprint
Great Britain,Cycling Track,Great Britain,Men's Madison
Great Britain,Cycling Track,Great Britain,Men's Team Pursuit
Great Britain,Cycling Track,Great Britain,Men's Team Sprint
Great Britain,Cycling Track,Great Britain,Women's Madison
Great Britain,Cycling Track,Great Britain,Women's Team Pursuit
"Hong Kong, China",Cycling Track,"Hong Kong, China",Women's Madison
Ireland,Cycling Track,Ireland,Men's Madison
Ireland,Cycling Track,Ireland,Women's Madison
Italy,Cycling Track,Italy,Men's Madison
Italy,Cycling Track,Italy,Men's Team Pursuit
Italy,Cycling Track,Italy,Women's Madison
Italy,Cycling Track,Italy,Women's Team Pursuit
Japan,Cycling Track,Japan,Women's Madison
Lithuania,Cycling Track,Lithuania,Women's Team Sprint
Mexico,Cycling Track,Mexico,Women's Team Sprint
Netherlands,Cycling Track,Netherlands,Men's Madison
Netherlands,Cycling Track,Netherlands,Men's Team Sprint
Netherlands,Cycling Track,Netherlands,Women's Madison
Netherlands,Cycling Track,Netherlands,Women's Team Sprint
New Zealand,Cycling Track,New Zealand,Men's Madison
New Zealand,Cycling Track,New Zealand,Men's Team Pursuit
New Zealand,Cycling Track,New Zealand,Men's Team Sprint
New Zealand,Cycling Track,New Zealand,Women's Madison
New Zealand,Cycling Track,New Zealand,Women's Team Pursuit
Poland,Cycling Track,Poland,Men's Madison
Poland,Cycling Track,Poland,Men's Team Sprint
Poland,Cycling Track,Poland,Women's Madison
Poland,Cycling Track,Poland,Women's Team Sprint
ROC,Cycling Track,ROC,Men's Team Sprint
ROC,Cycling Track,ROC,Women's Madison
ROC,Cycling Track,ROC,Women's Team Sprint
Spain,Cycling Track,Spain,Men's Madison
Switzerland,Cycling Track,Switzerland,Men's Madison
Switzerland,Cycling Track,Switzerland,Men's Team Pursuit
Ukraine,Cycling Track,Ukraine,Women's Team Sprint
United States,Cycling Track,United States of America,Men's Madison
United States,Cycling Track,United States of America,Women's Madison
United States,Cycling Track,United States of America,Women's Team Pursuit
Canada,Fencing,Canada,Men's Foil Team
Canada,Fencing,Canada,Women's Foil Team
China,Fencing,People's Republic of China,Men's Épée Team
China,Fencing,People's Republic of China,Women's Épée Team
China,Fencing,People's Republic of China,Women's Sabre Team
Egypt,Fencing,Egypt,Men's Foil Team
Egypt,Fencing,Egypt,Men's Sabre Team
Egypt,Fencing,Egypt,Women's Foil Team
Estonia,Fencing,Estonia,Women's Épée Team
France,Fencing,France,Men's Épée Team
France,Fencing,France,Men's Foil Team
France,Fencing,France,Women's Foil Team
France,Fencing,France,Women's Sabre Team
Germany,Fencing,Germany,Men's Foil Team
Germany,Fencing,Germany,Men's Sabre Team
"Hong Kong, China",Fencing,"Hong Kong, China",Men's Foil Team
"Hong Kong, China",Fencing,"Hong Kong, China",Women's Épée Team
Hungary,Fencing,Hungary,Men's Sabre Team
Hungary,Fencing,Hungary,Women's Foil Team
Hungary,Fencing,Hungary,Women's Sabre Team
Islamic Rep. of Iran,Fencing,Islamic Republic of Iran,Men's Sabre Team
Italy,Fencing,Italy,Men's Épée Team
Italy,Fencing,Italy,Men's Foil Team
Italy,Fencing,Italy,Men's Sabre Team
Italy,Fencing,Italy,Women's Épée Team
Italy,Fencing,Italy,Women's Foil Team
Italy,Fencing,Italy,Women's Sabre Team
Japan,Fencing,Japan,Men's Épée Team
Japan,Fencing,Japan,Men's Foil Team
Japan,Fencing,Japan,Men's Sabre Team
Japan,Fencing,Japan,Women's Foil Team
Japan,Fencing,Japan,Women's Sabre Team
Poland,Fencing,Poland,Women's Épée Team
Republic of Korea,Fencing,Republic of Korea,Men's Épée Team
Republic of Korea,Fencing,Republic of Korea,Men's Sabre Team
Republic of Korea,Fencing,Republic of Korea,Women's Épée Team
Republic of Korea,Fencing,Republic of Korea,Women's Sabre Team
ROC,Fencing,ROC,Men's Épée Team
ROC,Fencing,ROC,Men's Foil Team
ROC,Fencing,ROC,Men's Sabre Team
ROC,Fencing,ROC,Women's Épée Team
ROC,Fencing,ROC,Women's Foil Team
ROC,Fencing,ROC,Women's Sabre Team
Switzerland,Fencing,Switzerland,Men's Épée Team
Tunisia,Fencing,Tunisia,Women's Sabre Team
Ukraine,Fencing,Ukraine,Men's Épée Team
United States,Fencing,United States of America,Men's Épée Team
United States,Fencing,United States of America,Men's Foil Team
United States,Fencing,United States of America,Men's Sabre Team
United States,Fencing,United States of America,Women's Épée Team
United States,Fencing,United States of America,Women's Foil Team
United States,Fencing,United States of America,Women's Sabre Team
Argentina,Football,Argentina,Men
Australia,Football,Australia,Men
Australia,Football,Australia,Women
Brazil,Football,Brazil,Men
Brazil,Football,Brazil,Women
Canada,Football,Canada,Women
Chile,Football,Chile,Women
China,Football,People's Republic of China,Women
Côte d’Ivoire,Football,Côte d'Ivoire,Men
Egypt,Football,Egypt,Men
France,Football,France,Men
Germany,Football,Germany,Men
Great Britain,Football,Great Britain,Women
Honduras,Football,Honduras,Men
Japan,Football,Japan,Men
Japan,Football,Japan,Women
Mexico,Football,Mexico,Men
Netherlands,Football,Netherlands,Women
New Zealand,Football,New Zealand,Men
New Zealand,Football,New Zealand,Women
Republic of Korea,Football,Republic of Korea,Men
Romania,Football,Romania,Men
Saudi Arabia,Football,Saudi Arabia,Men
South Africa,Football,South Africa,Men
Spain,Football,Spain,Men
Sweden,Football,Sweden,Women
United States,Football,United States of America,Women
Zambia,Football,Zambia,Women
Angola,Handball,Angola,Women
Argentina,Handball,Argentina,Men
Bahrain,Handball,Bahrain,Men
Brazil,Handball,Brazil,Men
Brazil,Handball,Brazil,Women
Denmark,Handball,Denmark,Men
Egypt,Handball,Egypt,Men
France,Handball,France,Men
France,Handball,France,Women
Germany,Handball,Germany,Men
Hungary,Handball,Hungary,Women
Japan,Handball,Japan,Men
Japan,Handball,Japan,Women
Montenegro,Handball,Montenegro,Women
Netherlands,Handball,Netherlands,Women
Norway,Handball,Norway,Men
Norway,Handball,Norway,Women
Portugal,Handball,Portugal,Men
Republic of Korea,Handball,Republic of Korea,Women
ROC,Handball,ROC,Women
Spain,Handball,Spain,Men
Spain,Handball,Spain,Women
Sweden,Handball,Sweden,Men
Sweden,Handball,Sweden,Women
Argentina,Hockey,Argentina,Men
Argentina,Hockey,Argentina,Women
Australia,Hockey,Australia,Men
Australia,Hockey,Australia,Women
Belgium,Hockey,Belgium,Men
Canada,Hockey,Canada,Men
China,Hockey,People's Republic of China,Women
Germany,Hockey,Germany,Men
Germany,Hockey,Germany,Women
Great Britain,Hockey,Great Britain,Men
Great Britain,Hockey,Great Britain,Women
India,Hockey,India,Men
India,Hockey,India,Women
Ireland,Hockey,Ireland,Women
Japan,Hockey,Japan,Men
Japan,Hockey,Japan,Women
Netherlands,Hockey,Netherlands,Men
Netherlands,Hockey,Netherlands,Women
New Zealand,Hockey,New Zealand,Men
New Zealand,Hockey,New Zealand,Women
South Africa,Hockey,South Africa,Men
South Africa,Hockey,South Africa,Women
Spain,Hockey,Spain,Men
Spain,Hockey,Spain,Women
Australia,Rhythmic Gymnastics,Australia,Group All-Around
Azerbaijan,Rhythmic Gymnastics,Azerbaijan,Group All-Around
Belarus,Rhythmic Gymnastics,Belarus,Group All-Around
Brazil,Rhythmic Gymnastics,Brazil,Group All-Around
Bulgaria,Rhythmic Gymnastics,Bulgaria,Group All-Around
China,Rhythmic Gymnastics,People's Republic of China,Group All-Around
Egypt,Rhythmic Gymnastics,Egypt,Group All-Around
Israel,Rhythmic Gymnastics,Israel,Group All-Around
Italy,Rhythmic Gymnastics,Italy,Group All-Around
Japan,Rhythmic Gymnastics,Japan,Group All-Around
ROC,Rhythmic Gymnastics,ROC,Group All-Around
Ukraine,Rhythmic Gymnastics,Ukraine,Group All-Around
United States,Rhythmic Gymnastics,United States of America,Group All-Around
Uzbekistan,Rhythmic Gymnastics,Uzbekistan,Group All-Around
Argentina,Rugby Sevens,Argentina,Men
Australia,Rugby Sevens,Australia,Men
Australia,Rugby Sevens,Australia,Women
Brazil,Rugby Sevens,Brazil,Women
Canada,Rugby Sevens,Canada,Men
Canada,Rugby Sevens,Canada,Women
China,Rugby Sevens,People's Republic of China,Women
Fiji,Rugby Sevens,Fiji,Men
Fiji,Rugby Sevens,Fiji,Women
France,Rugby Sevens,France,Women
Great Britain,Rugby Sevens,Great Britain,Men
Great Britain,Rugby Sevens,Great Britain,Women
Ireland,Rugby Sevens,Ireland,Men
Japan,Rugby Sevens,Japan,Men
Japan,Rugby Sevens,Japan,Women
Kenya,Rugby Sevens,Kenya,Men
Kenya,Rugby Sevens,Kenya,Women
New Zealand,Rugby Sevens,New Zealand,Men
New Zealand,Rugby Sevens,New Zealand,Women
Republic of Korea,Rugby Sevens,Republic of Korea,Men
ROC,Rugby Sevens,ROC,Women
South Africa,Rugby Sevens,South Africa,Men
United States,Rugby Sevens,United States of America,Men
United States,Rugby Sevens,United States of America,Women
Australia,Swimming,Australia,Men's 4 x 100m Freestyle Relay
Australia,Swimming,Australia,Men's 4 x 100m Medley Relay
Australia,Swimming,Australia,Men's 4 x 200m Freestyle Relay
Australia,Swimming,Australia,Mixed 4 x 100m Medley Relay
Australia,Swimming,Australia,Women's 4 x 100m Freestyle Relay
Australia,Swimming,Australia,Women's 4 x 100m Medley Relay
Australia,Swimming,Australia,Women's 4 x 200m Freestyle Relay
Belarus,Swimming,Belarus,Men's 4 x 100m Medley Relay
Belarus,Swimming,Belarus,Mixed 4 x 100m Medley Relay
Belarus,Swimming,Belarus,Women's 4 x 100m Medley Relay
Brazil,Swimming,Brazil,Men's 4 x 100m Freestyle Relay
Brazil,Swimming,Brazil,Men's 4 x 100m Medley Relay
Brazil,Swimming,Brazil,Men's 4 x 200m Freestyle Relay
Brazil,Swimming,Brazil,Mixed 4 x 100m Medley Relay
Brazil,Swimming,Brazil,Women's 4 x 100m Freestyle Relay
Brazil,Swimming,Brazil,Women's 4 x 200m Freestyle Relay
Canada,Swimming,Canada,Men's 4 x 100m Freestyle Relay
Canada,Swimming,Canada,Men's 4 x 100m Medley Relay
Canada,Swimming,Canada,Mixed 4 x 100m Medley Relay
Canada,Swimming,Canada,Women's 4 x 100m Freestyle Relay
Canada,Swimming,Canada,Women's 4 x 100m Medley Relay
Canada,Swimming,Canada,Women's 4 x 200m Freestyle Relay
China,Swimming,People's Republic of China,Men's 4 x 100m Medley Relay
China,Swimming,People's Republic of China,Men's 4 x 200m Freestyle Relay
China,Swimming,People's Republic of China,Mixed 4 x 100m Medley Relay
China,Swimming,People's Republic of China,Women's 4 x 100m Freestyle Relay
China,Swimming,People's Republic of China,Women's 4 x 100m Medley Relay
China,Swimming,People's Republic of China,Women's 4 x 200m Freestyle Relay
Czech Republic,Swimming,Czech Republic,Women's 4 x 100m Freestyle Relay
Denmark,Swimming,Denmark,Women's 4 x 100m Freestyle Relay
Denmark,Swimming,Denmark,Women's 4 x 100m Medley Relay
France,Swimming,France,Men's 4 x 100m Freestyle Relay
France,Swimming,France,Men's 4 x 100m Medley Relay
France,Swimming,France,Men's 4 x 200m Freestyle Relay
France,Swimming,France,Women's 4 x 100m Freestyle Relay
France,Swimming,France,Women's 4 x 200m Freestyle Relay
Germany,Swimming,Germany,Men's 4 x 100m Freestyle Relay
Germany,Swimming,Germany,Men's 4 x 100m Medley Relay
Germany,Swimming,Germany,Men's 4 x 200m Freestyle Relay
Germany,Swimming,Germany,Mixed 4 x 100m Medley Relay
Germany,Swimming,Germany,Women's 4 x 100m Freestyle Relay
Germany,Swimming,Germany,Women's 4 x 100m Medley Relay
Germany,Swimming,Germany,Women's 4 x 200m Freestyle Relay
Great Britain,Swimming,Great Britain,Men's 4 x 100m Freestyle Relay
Great Britain,Swimming,Great Britain,Men's 4 x 100m Medley Relay
Great Britain,Swimming,Great Britain,Men's 4 x 200m Freestyle Relay
Great Britain,Swimming,Great Britain,Mixed 4 x 100m Medley Relay
Great Britain,Swimming,Great Britain,Women's 4 x 100m Freestyle Relay
Great Britain,Swimming,Great Britain,Women's 4 x 100m Medley Relay
Greece,Swimming,Greece,Men's 4 x 100m Freestyle Relay
Greece,Swimming,Greece,Men's 4 x 100m Medley Relay
Greece,Swimming,Greece,Mixed 4 x 100m Medley Relay
"Hong Kong, China",Swimming,"Hong Kong, China",Women's 4 x 100m Freestyle Relay
"Hong Kong, China",Swimming,"Hong Kong, China",Women's 4 x 100m Medley Relay
"Hong Kong, China",Swimming,"Hong Kong, China",Women's 4 x 200m Freestyle Relay
Hungary,Swimming,Hungary,Men's 4 x 100m Freestyle Relay
Hungary,Swimming,Hungary,Men's 4 x 100m Medley Relay
Hungary,Swimming,Hungary,Men's 4 x 200m Freestyle Relay
Hungary,Swimming,Hungary,Mixed 4 x 100m Medley Relay
Hungary,Swimming,Hungary,Women's 4 x 200m Freestyle Relay
Ireland,Swimming,Ireland,Men's 4 x 200m Freestyle Relay
Israel,Swimming,Israel,Men's 4 x 200m Freestyle Relay
Israel,Swimming,Israel,Mixed 4 x 100m Medley Relay
Italy,Swimming,Italy,Men's 4 x 100m Freestyle Relay
Italy,Swimming,Italy,Men's 4 x 100m Medley Relay
Italy,Swimming,Italy,Men's 4 x 200m Freestyle Relay
Italy,Swimming,Italy,Mixed 4 x 100m Medley Relay
Italy,Swimming,Italy,Women's 4 x 100m Medley Relay
Italy,Swimming,Italy,Women's 4 x 200m Freestyle Relay
Japan,Swimming,Japan,Men's 4 x 100m Freestyle Relay
Japan,Swimming,Japan,Men's 4 x 100m Medley Relay
Japan,Swimming,Japan,Men's 4 x 200m Freestyle Relay
Japan,Swimming,Japan,Mixed 4 x 100m Medley Relay
Japan,Swimming,Japan,Women's 4 x 100m Freestyle Relay
Japan,Swimming,Japan,Women's 4 x 100m Medley Relay
Japan,Swimming,Japan,Women's 4 x 200m Freestyle Relay
Lithuania,Swimming,Lithuania,Men's 4 x 100m Medley Relay
Netherlands,Swimming,Netherlands,Men's 4 x 100m Freestyle Relay
Netherlands,Swimming,Netherlands,Mixed 4 x 100m Medley Relay
Netherlands,Swimming,Netherlands,Women's 4 x 100m Freestyle Relay
Netherlands,Swimming,Netherlands,Women's 4 x 100m Medley Relay
New Zealand,Swimming,New Zealand,Women's 4 x 200m Freestyle Relay
Poland,Swimming,Poland,Men's 4 x 100m Freestyle Relay
Poland,Swimming,Poland,Men's 4 x 100m Medley Relay
Poland,Swimming,Poland,Men's 4 x 200m Freestyle Relay
Poland,Swimming,Poland,Mixed 4 x 100m Medley Relay
Poland,Swimming,Poland,Women's 4 x 100m Freestyle Relay
Poland,Swimming,Poland,Women's 4 x 200m Freestyle Relay
Republic of Korea,Swimming,Republic of Korea,Men's 4 x 200m Freestyle Relay
Republic of Korea,Swimming,Republic of Korea,Women's 4 x 200m Freestyle Relay
ROC,Swimming,ROC,Men's 4 x 100m Freestyle Relay
ROC,Swimming,ROC,Men's 4 x 100m Medley Relay
ROC,Swimming,ROC,Men's 4 x 200m Freestyle Relay
ROC,Swimming,ROC,Mixed 4 x 100m Medley Relay
ROC,Swimming,ROC,Women's 4 x 100m Freestyle Relay
ROC,Swimming,ROC,Women's 4 x 100m Medley Relay
ROC,Swimming,ROC,Women's 4 x 200m Freestyle Relay
Serbia,Swimming,Serbia,Men's 4 x 100m Freestyle Relay
South Africa,Swimming,South Africa,Women's 4 x 100m Medley Relay
South Africa,Swimming,South Africa,Women's 4 x 200m Freestyle Relay
Spain,Swimming,Spain,Women's 4 x 100m Medley Relay
Sweden,Swimming,Sweden,Women's 4 x 100m Freestyle Relay
Sweden,Swimming,Sweden,Women's 4 x 100m Medley Relay
Switzerland,Swimming,Switzerland,Men's 4 x 100m Freestyle Relay
Switzerland,Swimming,Switzerland,Men's 4 x 200m Freestyle Relay
Turkey,Swimming,Turkey,Women's 4 x 200m Freestyle Relay
United States,Swimming,United States of America,Men's 4 x 100m Freestyle Relay
United States,Swimming,United States of America,Men's 4 x 100m Medley Relay
United States,Swimming,United States of America,Men's 4 x 200m Freestyle Relay
United States,Swimming,United States of America,Mixed 4 x 100m Medley Relay
United States,Swimming,United States of America,Women's 4 x 100m Freestyle Relay
United States,Swimming,United States of America,Women's 4 x 100m Medley Relay
United States,Swimming,United States of America,Women's 4 x 200m Freestyle Relay
Australia,Table Tennis,Australia,Men's Team
HU Heming / TAPPER Melissa,Table Tennis,Australia,Mixed Doubles
Australia,Table Tennis,Australia,Women's Team
FEGERL Stefan / POLCANOVA Sofia,Table Tennis,Austria,Mixed Doubles
Austria,Table Tennis,Austria,Women's Team
Brazil,Table Tennis,Brazil,Men's Team
Brazil,Table Tennis,Brazil,Women's Team
WANG Zhen / ZHANG Mo,Table Tennis,Canada,Mixed Doubles
China,Table Tennis,People's Republic of China,Men's Team
XU Xin / LIU Shiwen,Table Tennis,People's Republic of China,Mixed Doubles
China,Table Tennis,People's Republic of China,Women's Team
Chinese Taipei,Table Tennis,Chinese Taipei,Men's Team
LIN Yun Ju / CHENG I Ching,Table Tennis,Chinese Taipei,Mixed Doubles
Chinese Taipei,Table Tennis,Chinese Taipei,Women's Team
Croatia,Table Tennis,Croatia,Men's Team
CAMPOS Jorge / FONSECA Daniela,Table Tennis,Cuba,Mixed Doubles
Egypt,Table Tennis,Egypt,Men's Team
ASSAR Omar / MESHREF Dina,Table Tennis,Egypt,Mixed Doubles
Egypt,Table Tennis,Egypt,Women's Team
France,Table Tennis,France,Men's Team
LEBESSON Emmanuel / YUAN Jia Nan,Table Tennis,France,Mixed Doubles
France,Table Tennis,France,Women's Team
Germany,Table Tennis,Germany,Men's Team
FRANZISKA Patrick / SOLJA Petrissa,Table Tennis,Germany,Mixed Doubles
Germany,Table Tennis,Germany,Women's Team
"Hong Kong, China",Table Tennis,"Hong Kong, China",Men's Team
WONG Chun Ting / DOO Hoi Kem,Table Tennis,"Hong Kong, China",Mixed Doubles
"Hong Kong, China",Table Tennis,"Hong Kong, China",Women's Team
SZUDI Adam / PERGEL Szandra,Table Tennis,Hungary,Mixed Doubles
Hungary,Table Tennis,Hungary,Women's Team
ACHANTA Kamal / BATRA Manika,Table Tennis,India,Mixed Doubles
Japan,Table Tennis,Japan,Men's Team
MIZUTANI Jun / ITO Mima,Table Tennis,Japan,Mixed Doubles
Japan,Table Tennis,Japan,Women's Team
Poland,Table Tennis,Poland,Women's Team
Portugal,Table Tennis,Portugal,Men's Team
Republic of Korea,Table Tennis,Republic of Korea,Men's Team
LEE Sangsu / JEON Jihee,Table Tennis,Republic of Korea,Mixed Doubles
Republic of Korea,Table Tennis,Republic of Korea,Women's Team
IONESCU Ovidiu / SZOCS Bernadette,Table Tennis,Romania,Mixed Doubles
Romania,Table Tennis,Romania,Women's Team
Serbia,Table Tennis,Serbia,Men's Team
Singapore,Table Tennis,Singapore,Women's Team
PISTEJ Lubomir / BALAZOVA Barbora,Table Tennis,Slovakia,Mixed Doubles
Slovenia,Table Tennis,Slovenia,Men's Team
Sweden,Table Tennis,Sweden,Men's Team
United States,Table Tennis,United States of America,Men's Team
United States,Table Tennis,United States of America,Women's Team
Australia,Triathlon,Australia,Mixed Relay
Austria,Triathlon,Austria,Mixed Relay
Belgium,Triathlon,Belgium,Mixed Relay
Canada,Triathlon,Canada,Mixed Relay
France,Triathlon,France,Mixed Relay
Germany,Triathlon,Germany,Mixed Relay
Great Britain,Triathlon,Great Britain,Mixed Relay
Hungary,Triathlon,Hungary,Mixed Relay
Italy,Triathlon,Italy,Mixed Relay
Japan,Triathlon,Japan,Mixed Relay
Mexico,Triathlon,Mexico,Mixed Relay
Netherlands,Triathlon,Netherlands,Mixed Relay
New Zealand,Triathlon,New Zealand,Mixed Relay
ROC,Triathlon,ROC,Mixed Relay
South Africa,Triathlon,South Africa,Mixed Relay
Spain,Triathlon,Spain,Mixed Relay
Switzerland,Triathlon,Switzerland,Mixed Relay
United States,Triathlon,United States of America,Mixed Relay
Argentina,Volleyball,Argentina,Men
Argentina,Volleyball,Argentina,Women
Brazil,Volleyball,Brazil,Men
Brazil,Volleyball,Brazil,Women
Canada,Volleyball,Canada,Men
China,Volleyball,People's Republic of China,Women
Dominican Rep.,Volleyball,Dominican Republic,Women
France,Volleyball,France,Men
Islamic Rep. of Iran,Volleyball,Islamic Republic of Iran,Men
Italy,Volleyball,Italy,Men
Italy,Volleyball,Italy,Women
Japan,Volleyball,Japan,Men
Japan,Volleyball,Japan,Women
Kenya,Volleyball,Kenya,Women
Poland,Volleyball,Poland,Men
Republic of Korea,Volleyball,Republic of Korea,Women
ROC,Volleyball,ROC,Men
ROC,Volleyball,ROC,Women
Serbia,Volleyball,Serbia,Women
Tunisia,Volleyball,Tunisia,Men
Turkey,Volleyball,Turkey,Women
United States,Volleyball,United States of America,Men
United States,Volleyball,United States of America,Women
Venezuela,Volleyball,Venezuela,Men
Australia,Water Polo,Australia,Men
Australia,Water Polo,Australia,Women
Canada,Water Polo,Canada,Women
China,Water Polo,People's Republic of China,Women
Croatia,Water Polo,Croatia,Men
Greece,Water Polo,Greece,Men
Hungary,Water Polo,Hungary,Men
Hungary,Water Polo,Hungary,Women
Italy,Water Polo,Italy,Men
Japan,Water Polo,Japan,Men
Japan,Water Polo,Japan,Women
Kazakhstan,Water Polo,Kazakhstan,Men
Montenegro,Water Polo,Montenegro,Men
Netherlands,Water Polo,Netherlands,Women
ROC,Water Polo,ROC,Women
Serbia,Water Polo,Serbia,Men
South Africa,Water Polo,South Africa,Men
South Africa,Water Polo,South Africa,Women
Spain,Water Polo,Spain,Men
Spain,Water Polo,Spain,Women
United States,Water Polo,United States of America,Men
United States,Water Polo,United States of America,Women
